Time,pwrA,pwrB,pwrC
2021-12-19 14:00:00+02:00,524.1329193115234,306.3069076538086,167.26551055908203
2021-12-19 15:00:00+02:00,525.3747430845749,511.3485587659732,167.48460612925447
2021-12-19 16:00:00+02:00,531.1683184010113,339.3555252903192,167.65863971562348
2021-12-19 17:00:00+02:00,526.6372193329094,519.7241215668907,166.22870996756146
2021-12-19 18:00:00+02:00,522.449141438802,302.3356419881185,168.7173957824707
2021-12-19 19:00:00+02:00,524.2639973958334,520.6655881423359,164.68032008917757
2021-12-19 20:00:00+02:00,526.5438181559244,305.70241292317706,168.59319407145182
2021-12-19 21:00:00+02:00,522.938083589994,513.2265211838942,169.44808466984676
2021-12-19 22:00:00+02:00,524.7484212239583,294.2673411051432,168.41161041259767
2021-12-19 23:00:00+02:00,524.2091542325279,528.3808477830518,167.87545102141624
2021-12-20 00:00:00+02:00,526.9172068277995,293.6093928019206,167.3794911702474
2021-12-20 01:00:00+02:00,529.834777212385,433.26957989223115,166.20440441460778
2021-12-20 02:00:00+02:00,526.9683064778645,315.5063710530599,176.38872502644855
2021-12-20 03:00:00+02:00,525.4566423283067,342.73602389550024,168.8564030846884
2021-12-20 04:00:00+02:00,525.7920598931652,431.81352859246925,167.61492736482882
2021-12-20 05:00:00+02:00,525.1980550130208,308.132964070638,167.24035517374674
2021-12-20 06:00:00+02:00,523.0238207440044,509.71205671443494,168.05277506510416
2021-12-20 07:00:00+02:00,526.6053185096154,285.69952157827527,167.39352017916167
2021-12-20 08:00:00+02:00,530.2553696743278,524.4296207871548,167.95369336032127
2021-12-20 09:00:00+02:00,534.8486805905578,474.67439476751514,262.7992118917486
2021-12-20 10:00:00+02:00,533.1363862820757,491.96670599216367,814.0574923383512
2021-12-20 11:00:00+02:00,537.8433131854495,672.0385804962376,3705.773843898456
2021-12-20 12:00:00+02:00,534.6625671717712,548.8730418604522,2982.8259344866374
2021-12-20 13:00:00+02:00,533.9509833834717,600.6805944034811,1253.2039589141507
2021-12-20 14:00:00+02:00,528.830492952588,595.6734800806267,1226.6648180828383
2021-12-20 15:00:00+02:00,529.2626474197797,540.2284112338363,963.1128301043163
2021-12-20 16:00:00+02:00,529.9031058610229,561.9467991292258,1056.0263611645885
2021-12-20 17:00:00+02:00,532.7181293761056,554.6974614672391,858.2254230657613
2021-12-20 18:00:00+02:00,540.6036183726249,585.6107829491697,173.06085634471185
2021-12-20 19:00:00+02:00,548.4357395172119,610.5114243030548,174.26565325260162
2021-12-20 20:00:00+02:00,569.7442116737366,412.5919575691223,174.3714052438736
2021-12-20 21:00:00+02:00,556.3301112448522,609.5146552980408,175.59985233277314
2021-12-20 22:00:00+02:00,555.5822948212927,497.1935149346398,173.97415195422226
2021-12-20 23:00:00+02:00,552.9208035469055,620.038679599762,172.47487008571625
2021-12-21 00:00:00+02:00,547.3757716749681,485.3367205197926,172.82864499003472
2021-12-21 01:00:00+02:00,544.3217716660611,394.25883614000423,173.0266358131586
2021-12-21 02:00:00+02:00,554.3879508085029,615.3243131415788,174.93625587640807
2021-12-21 03:00:00+02:00,547.214698611282,620.6415198618971,174.1014441542738
2021-12-21 04:00:00+02:00,544.6065858353016,459.21626246252725,174.0799797117248
2021-12-21 05:00:00+02:00,556.3334014656008,617.9882043646287,173.35459438590115
2021-12-21 06:00:00+02:00,550.2418506237888,623.2962381525557,172.36779288358466
2021-12-21 07:00:00+02:00,553.0615748681392,405.6670072139217,173.76439538946008
2021-12-21 08:00:00+02:00,546.2682136179869,517.700120283532,516.6777709012205
2021-12-21 09:00:00+02:00,554.2630397773788,487.8088928039916,2152.6433178564744
2021-12-21 10:00:00+02:00,560.2033624912665,561.1844121173145,2239.8182867282776
2021-12-21 11:00:00+02:00,557.891252085939,595.9313119171927,2488.118149383998
2021-12-21 12:00:00+02:00,559.5019452331069,561.7604831606645,2681.07404722834
2021-12-21 13:00:00+02:00,559.8952945977591,576.4887230107123,2151.1273255527253
2021-12-21 14:00:00+02:00,554.092137436515,529.2665818281484,876.913010127753
2021-12-21 15:00:00+02:00,553.0013454465101,528.6901554270755,676.0622834811245
2021-12-21 16:00:00+02:00,557.6912097555281,536.2782248699431,1247.874042402472
2021-12-21 17:00:00+02:00,554.5776814464436,510.2235316449611,561.7327949199897
2021-12-21 18:00:00+02:00,562.8435063089894,421.8552440551983,166.88869202334578
2021-12-21 19:00:00+02:00,558.623586331881,524.2401923546424,166.4875949566181
2021-12-21 20:00:00+02:00,560.9500547896984,529.6937830725382,164.26095746653948
2021-12-21 21:00:00+02:00,555.3565678382987,409.2622959080027,169.05412935854784
2021-12-21 22:00:00+02:00,553.5287837982178,540.1130208969116,170.34472286701202
2021-12-21 23:00:00+02:00,565.0749500331594,420.64551999675695,167.87395699344464
2021-12-22 00:00:00+02:00,556.5714854230785,308.09594680323744,167.44261600995304
2021-12-22 01:00:00+02:00,569.1313835166682,398.6049922411095,168.42343456596578
2021-12-22 02:00:00+02:00,548.0989640110223,532.0556690304778,167.51202782919242
2021-12-22 03:00:00+02:00,571.0143305043705,419.52455864577996,168.35693353121397
2021-12-22 04:00:00+02:00,598.9745829264323,322.07640736897787,167.08707021077473
2021-12-22 05:00:00+02:00,570.8587898885397,413.91823101760747,166.85187341216812
2021-12-22 06:00:00+02:00,557.4758667353342,389.875716260199,165.7711948191626
2021-12-22 07:00:00+02:00,562.715180460612,312.88951822916664,166.5124481201172
2021-12-22 08:00:00+02:00,555.2816138267517,535.6883845329285,166.47206211090088
2021-12-22 09:00:00+02:00,559.5910566420782,460.8059551602318,205.19234711783272
2021-12-22 10:00:00+02:00,557.8853960113414,541.3289251722282,1160.4400358179296
2021-12-22 11:00:00+02:00,557.477785481619,592.7979696312075,1419.9660113143743
2021-12-22 12:00:00+02:00,560.200301674501,547.7405359171416,967.5955452801943
2021-12-22 13:00:00+02:00,558.515799987329,527.76070860491,1215.068888710842
2021-12-22 14:00:00+02:00,556.8605588691978,524.8029449943482,1320.6280425407488
2021-12-22 15:00:00+02:00,561.3040026572968,502.37007386443383,1360.8385300723412
2021-12-22 16:00:00+02:00,559.3888406214157,510.06321251750995,368.2011322223466
2021-12-22 17:00:00+02:00,560.6890494174983,580.0393854329648,233.5751868675139
2021-12-22 18:00:00+02:00,557.7052714538574,556.7936979675293,178.7635832977295
2021-12-22 19:00:00+02:00,550.9903998205505,524.0450177652582,176.89641574917712
2021-12-22 20:00:00+02:00,567.0529373523801,559.7698395011961,180.24867721675903
2021-12-22 21:00:00+02:00,561.4926085472107,581.5946984291077,186.44850361347198
2021-12-22 22:00:00+02:00,554.6500977508781,557.0993711486343,183.70632201202156
2021-12-22 23:00:00+02:00,555.291733018118,468.98681824650595,184.1260635912718
2021-12-23 00:00:00+02:00,552.9083895874023,476.6134341430664,185.91197662353517
2021-12-23 01:00:00+02:00,551.9553538004558,327.9452646891276,184.8115463256836
2021-12-23 02:00:00+02:00,560.116455078125,508.59574211968317,187.86562424476702
2021-12-23 03:00:00+02:00,563.5623378468983,481.23713843502213,188.83547762970426
2021-12-23 04:00:00+02:00,560.9555328026247,486.9070287125834,187.4936253694113
2021-12-23 05:00:00+02:00,547.1374516524668,557.8456846222164,189.85629476712444
2021-12-23 06:00:00+02:00,568.5743079185486,329.77967143058777,191.37352561950684
2021-12-23 07:00:00+02:00,556.5046015000881,454.4216754884648,189.99712859419054
2021-12-23 08:00:00+02:00,559.7081977340775,494.357621246183,194.11223218888802
2021-12-23 09:00:00+02:00,555.0429701096941,450.43714194722696,205.56597024143332
2021-12-23 10:00:00+02:00,555.7764826112794,503.0942371734945,1012.7333840149578
2021-12-23 11:00:00+02:00,555.656698921283,575.553642087788,1153.527607993834
2021-12-23 12:00:00+02:00,560.4711260298349,512.7547697742133,1477.9539678848387
2021-12-23 13:00:00+02:00,560.2737670539054,573.370798771702,1130.638202191803
2021-12-23 14:00:00+02:00,561.4961791684188,554.2187801839124,1446.455837804796
2021-12-23 15:00:00+02:00,559.674621480644,1019.3168552605681,1081.9264420079498
2021-12-23 16:00:00+02:00,553.6235143488103,398.1700701858058,156.9053642099554
2021-12-23 17:00:00+02:00,555.2461221294038,475.09275027394546,102.28010384140501
2021-12-23 18:00:00+02:00,559.4587655874399,291.2159694965069,102.41114953848032
2021-12-23 19:00:00+02:00,552.4059386733891,481.4629893931307,101.44458652466767
2021-12-23 20:00:00+02:00,612.3127346109724,379.86761820626526,101.56478345792976
2021-12-23 21:00:00+02:00,565.5376711707133,380.81319044602407,101.14661370600024
2021-12-23 22:00:00+02:00,549.088253427883,408.58594632995914,101.07385017666115
2021-12-23 23:00:00+02:00,565.5389629325481,414.44556858563664,101.24297579370364
2021-12-24 00:00:00+02:00,548.4755547102108,500.99537079093994,101.10748699099518
2021-12-24 01:00:00+02:00,544.9736640397892,481.95218557904855,101.66176309511643
2021-12-24 02:00:00+02:00,569.8046510080812,270.5621495322576,101.88413355590174
2021-12-24 03:00:00+02:00,551.0826245917649,465.4772331362865,102.1083800519099
2021-12-24 04:00:00+02:00,556.7614848335382,414.2658169354279,117.91689877582685
2021-12-24 05:00:00+02:00,551.4679809570313,280.30188852945963,101.63039283752441
2021-12-24 06:00:00+02:00,550.5142301810804,488.52635192871094,100.97220854056899
2021-12-24 07:00:00+02:00,563.522310983106,404.18526919602135,100.78990479290182
2021-12-24 08:00:00+02:00,577.4998077392578,277.8986117553711,102.01950119018555
2021-12-24 09:00:00+02:00,585.5659216866276,414.22799117189976,101.4320145815157
2021-12-24 10:00:00+02:00,566.0756878852844,481.8005573749542,100.96441376209259
2021-12-24 11:00:00+02:00,569.7434961928934,281.6984288559347,101.71667813528613
2021-12-24 12:00:00+02:00,553.6428236850472,481.99934860347776,101.03216996303824
2021-12-24 13:00:00+02:00,554.9338215529317,408.40968237982855,101.08861884685477
2021-12-24 14:00:00+02:00,562.3150655110677,280.72401072184243,101.4110772450765
2021-12-24 15:00:00+02:00,572.5545292070428,349.57698702033974,100.6145198380558
2021-12-24 16:00:00+02:00,558.1753819192103,486.29279475249064,100.38466165232104
2021-12-24 17:00:00+02:00,549.3620808919271,278.48369140625,100.82623558044433
2021-12-24 18:00:00+02:00,572.050831599476,351.0865355811416,101.13431064594393
2021-12-24 19:00:00+02:00,547.1328368524108,410.422756927182,100.79705583206331
2021-12-24 20:00:00+02:00,546.4559539794922,279.6423685709635,100.94257621765136
2021-12-24 21:00:00+02:00,553.8962279660019,414.3391043504878,100.54864007384334
2021-12-24 22:00:00+02:00,550.1216357053823,403.31608550872033,100.5325234571294
2021-12-24 23:00:00+02:00,546.2775115966797,273.40798772176106,100.51887944539388
2021-12-25 00:00:00+02:00,543.6124740718872,488.52708174831184,100.14079450267229
2021-12-25 01:00:00+02:00,564.2237172807966,350.34030178615023,100.77907144455682
2021-12-25 02:00:00+02:00,575.06344006409,275.67146838010854,100.771427672113
2021-12-25 03:00:00+02:00,562.7770951831614,377.3307214984457,100.59590355676549
2021-12-25 04:00:00+02:00,547.2138243395873,413.6509140477036,100.53979430535827
2021-12-25 05:00:00+02:00,557.3219299316406,279.3619269009294,100.80468671075229
2021-12-25 06:00:00+02:00,557.1278866316921,490.96063386192617,100.85301723036655
2021-12-25 07:00:00+02:00,551.1319332885743,412.36480010986327,100.62932373046876
2021-12-25 08:00:00+02:00,574.6119393966904,281.81259078596105,101.0951812590786
2021-12-25 09:00:00+02:00,550.1168066216994,484.8657875948174,100.29398807259493
2021-12-25 10:00:00+02:00,568.3762253270005,416.039162992227,100.52836015489366
2021-12-25 11:00:00+02:00,563.5106943766276,275.41955922444663,101.02511355082194
2021-12-25 12:00:00+02:00,549.5651097297668,480.5326393842697,100.34353506565094
2021-12-25 13:00:00+02:00,549.3397676908053,481.3276159433218,100.05110338651217
2021-12-25 14:00:00+02:00,566.8949911428052,281.0530680575112,100.6563149385674
2021-12-25 15:00:00+02:00,569.5077290750628,412.5786036199062,100.02271841998076
2021-12-25 16:00:00+02:00,564.2793344825205,406.7636852842389,99.9290359188812
2021-12-25 17:00:00+02:00,566.8876829821654,418.23898631394513,100.49191488400854
2021-12-25 18:00:00+02:00,554.5298107058503,267.5160818173904,100.50823986437894
2021-12-25 19:00:00+02:00,556.345472172876,408.239220623994,100.45194018186636
2021-12-25 20:00:00+02:00,555.4931313871133,424.9235060720733,100.20773589008986
2021-12-25 21:00:00+02:00,574.4115857766715,265.9234083045484,100.60318328223525
2021-12-25 22:00:00+02:00,560.6406088329497,338.52415334610714,100.31626814887638
2021-12-25 23:00:00+02:00,548.0587911605835,493.9999883174896,99.89768171310425
2021-12-26 00:00:00+02:00,567.6250152020649,364.56400290563647,100.8751975701201
2021-12-26 01:00:00+02:00,546.2028361002605,273.18395614624023,100.38052978515626
2021-12-26 02:00:00+02:00,557.2572579258837,433.276578581735,100.1169557035639
2021-12-26 03:00:00+02:00,566.3717252392789,360.5231322581634,100.51073280763832
2021-12-26 04:00:00+02:00,577.1168795638348,292.3921682079833,100.57850267419863
2021-12-26 05:00:00+02:00,554.9908546625181,494.3550250622653,99.87755046519199
2021-12-26 06:00:00+02:00,567.8302719479516,356.3601118269421,100.67926720210484
2021-12-26 07:00:00+02:00,557.0028429533306,272.290581495242,100.88270924503642
2021-12-26 08:00:00+02:00,563.96929869676,416.7538136128847,100.3606345471997
2021-12-26 09:00:00+02:00,548.5303940883903,484.6047407046769,100.34590616152268
2021-12-26 10:00:00+02:00,553.4716959635417,273.4158487955729,101.13516400655111
2021-12-26 11:00:00+02:00,571.3566484547624,416.43029476897885,100.1000668689458
2021-12-26 12:00:00+02:00,560.1899343091388,482.454544185668,99.93897371513899
2021-12-26 13:00:00+02:00,570.5134506612865,273.9121896191902,100.13582429062896
2021-12-26 14:00:00+02:00,563.276917048863,404.4441944303967,99.95649723779587
2021-12-26 15:00:00+02:00,564.4915737575955,405.63125672003235,100.31016421077227
2021-12-26 16:00:00+02:00,569.1124627165092,266.51246075297513,100.31044112804324
2021-12-26 17:00:00+02:00,566.3252938338152,485.7197885588398,99.25708290160172
2021-12-26 18:00:00+02:00,576.1310689976153,369.2693754617641,100.04541355661685
2021-12-26 19:00:00+02:00,552.5814448765346,328.76907051934137,100.23555483136859
2021-12-26 20:00:00+02:00,555.689219156901,279.5417500813802,100.04644711812337
2021-12-26 21:00:00+02:00,552.8540020473113,409.03939873554987,101.91611031469355
2021-12-26 22:00:00+02:00,564.3654080904447,309.52045096931874,99.84230016352056
2021-12-26 23:00:00+02:00,559.6001291275024,501.7722121477127,99.76503157615662
2021-12-27 00:00:00+02:00,566.9987134933472,265.54583716392517,100.16519367694855
2021-12-27 01:00:00+02:00,551.7456846911498,407.4844926005662,99.89211365670869
2021-12-27 02:00:00+02:00,558.1727020571931,431.2669132887715,99.77205823647856
2021-12-27 03:00:00+02:00,560.0871284484863,390.5936762491862,101.56573804219563
2021-12-27 04:00:00+02:00,558.8786173298131,262.4722392019914,100.78872891526726
2021-12-27 05:00:00+02:00,584.5543359827112,420.86460438481083,99.79167062264902
2021-12-27 06:00:00+02:00,559.9343342781067,488.42940306663513,99.54099917411804
2021-12-27 07:00:00+02:00,566.9072142321654,437.06911938599865,99.98048820880929
2021-12-27 08:00:00+02:00,554.497525024414,278.29581858317056,100.73112055460612
2021-12-27 09:00:00+02:00,567.2382945501982,370.60392943424966,99.86024053772884
2021-12-27 10:00:00+02:00,555.4442086290958,390.0933856110075,99.91039686060664
2021-12-27 11:00:00+02:00,564.2832367306664,394.2917223430815,99.98007958275932
2021-12-27 12:00:00+02:00,572.4659655262546,279.5690906056684,100.07637948528985
2021-12-27 13:00:00+02:00,560.8935297705261,382.23241370268977,100.57853347263979
2021-12-27 14:00:00+02:00,553.9263159908465,416.0585841278532,104.46424965360272
2021-12-27 15:00:00+02:00,564.899812477917,403.4928918579715,99.78310317609777
2021-12-27 16:00:00+02:00,568.4142432579628,263.2484197763296,99.82108494685247
2021-12-27 17:00:00+02:00,557.8127684930358,438.7868169919409,99.51551129119565
2021-12-27 18:00:00+02:00,573.9326282613891,325.0916216564581,100.07045710438918
2021-12-27 19:00:00+02:00,565.7334691950705,388.4914862258596,99.79970912877086
2021-12-27 20:00:00+02:00,553.8274616566739,539.3724083715631,99.27793706849565
2021-12-27 21:00:00+02:00,550.3525395393372,312.07929277420044,100.41280817985535
2021-12-27 22:00:00+02:00,549.9657907104493,398.5439074707031,99.774700050354
2021-12-27 23:00:00+02:00,555.4507200326492,352.1182715572528,99.73388133831878
2021-12-28 00:00:00+02:00,561.0681281089783,496.87261176109314,99.51078462600708
2021-12-28 01:00:00+02:00,555.8936004638672,256.61815846761067,100.11640764872233
2021-12-28 02:00:00+02:00,545.1245283647017,418.2611416132763,99.6920210327765
2021-12-28 03:00:00+02:00,552.8751790748453,413.8102028324919,100.02510445072966
2021-12-28 04:00:00+02:00,557.9346205491286,480.17788379375753,99.65492002047026
2021-12-28 05:00:00+02:00,571.5653880511144,478.4660223435986,99.6128430033839
2021-12-28 06:00:00+02:00,572.5307645185278,275.64658555897006,99.92346567976365
2021-12-28 07:00:00+02:00,566.6656359268932,364.0455805174867,99.73804825343443
2021-12-28 08:00:00+02:00,557.2932464907868,399.8240494390931,100.18201003411804
2021-12-28 09:00:00+02:00,557.6558787410421,409.2595701289356,99.6284132075489
2021-12-28 10:00:00+02:00,563.4901480955236,345.91952051835904,100.45914929053363
2021-12-28 11:00:00+02:00,552.4322439960021,409.9581353419687,147.91360598924922
2021-12-28 12:00:00+02:00,565.5835780288234,434.0968157219164,219.40310310594964
2021-12-28 13:00:00+02:00,563.3435102354805,425.4999173146374,188.56890851866524
2021-12-28 14:00:00+02:00,567.7376269385928,409.2862921215239,160.8283768154326
2021-12-28 15:00:00+02:00,572.4096200619103,420.8852558639814,162.45428501345077
2021-12-28 16:00:00+02:00,560.9549012749645,419.53711089417664,137.61015896217714
2021-12-28 17:00:00+02:00,563.5566118959979,411.8600580683558,137.287837884365
2021-12-28 18:00:00+02:00,522.0135891586987,435.8876924884853,133.13581798041045
2021-12-28 19:00:00+02:00,654.0347019024749,422.3760043471607,135.5806013078832
2021-12-28 20:00:00+02:00,529.8765828658123,473.28092396016024,132.65226924662687
2021-12-28 21:00:00+02:00,525.0180440266927,322.37511545817057,132.12862904866537
2021-12-28 22:00:00+02:00,525.1135535240173,526.4013705253601,132.578364610672
2021-12-28 23:00:00+02:00,524.8424471341647,516.8933896578275,134.21463752159707
2021-12-29 00:00:00+02:00,529.5528055826823,465.6244548450817,131.99885528256195
2021-12-29 01:00:00+02:00,525.4726388784555,552.169647686298,132.25258865356446
2021-12-29 02:00:00+02:00,527.8561043739319,334.7566487789154,132.9903175830841
2021-12-29 03:00:00+02:00,530.378873610879,509.7467347823362,133.91104166775463
2021-12-29 04:00:00+02:00,524.7677449193494,514.6114891315328,132.30050981455835
2021-12-29 05:00:00+02:00,531.9958406698825,469.67418447166983,131.7096737563008
2021-12-29 06:00:00+02:00,528.6906327290751,481.7468704913729,133.69069594953527
2021-12-29 07:00:00+02:00,528.9004811604817,302.8002126057943,136.2838353474935
2021-12-29 08:00:00+02:00,525.5802181746609,524.2179257888203,132.9838454963625
2021-12-29 09:00:00+02:00,529.8485886934544,463.11590530452656,135.02286080921186
2021-12-29 10:00:00+02:00,528.5290707743227,435.16884879878,136.1512245215806
2021-12-29 11:00:00+02:00,534.2895641036445,481.75484423952054,235.57474963193013
2021-12-29 12:00:00+02:00,530.2871276855469,340.6710708618164,176.39422887166342
2021-12-29 13:00:00+02:00,525.6711480988929,470.6100874857687,153.45529243814286
2021-12-29 14:00:00+02:00,525.8638397599863,473.329651942978,156.30530295910697
2021-12-29 15:00:00+02:00,524.2012004182432,465.0521041672684,126.64668190721663
2021-12-29 16:00:00+02:00,523.8109982512718,523.5243542101956,135.52525211304658
2021-12-29 17:00:00+02:00,528.4008120926175,347.4120394012632,133.76314079690968
2021-12-29 18:00:00+02:00,526.5240726470947,536.35200548172,134.0703146457672
2021-12-29 19:00:00+02:00,529.8035615066002,438.00163216426455,134.33736028812203
2021-12-29 20:00:00+02:00,530.0411091640856,394.30403015317296,133.25270202456142
2021-12-29 21:00:00+02:00,530.2655534744263,553.3438086509705,134.65692520141602
2021-12-29 22:00:00+02:00,528.347080485026,319.7834187825521,133.25193430582684
2021-12-29 23:00:00+02:00,529.8045640102653,527.3955087587815,154.40354446292847
2021-12-30 00:00:00+02:00,535.155743009481,457.32648134471185,132.9144936566377
2021-12-30 01:00:00+02:00,539.9287292170645,442.7547056711265,138.72345311508565
2021-12-30 02:00:00+02:00,538.2627240992304,360.16857573096433,134.1831540691319
2021-12-30 03:00:00+02:00,536.8223446988867,472.115305541498,143.36889537239847
2021-12-30 04:00:00+02:00,534.374813277633,434.54174375180844,132.44463201452186
2021-12-30 05:00:00+02:00,535.9341388081396,347.02105949461,130.9594208473383
2021-12-30 06:00:00+02:00,527.2750416581958,450.4596033486292,133.74440195303424
2021-12-30 07:00:00+02:00,529.1144001256281,456.92214682114184,130.57806542171306
2021-12-30 08:00:00+02:00,531.2142922757852,468.45314426614783,130.02079799921825
2021-12-30 09:00:00+02:00,528.4158550223918,351.17442398841933,130.9512271303119
2021-12-30 10:00:00+02:00,524.5674410306491,556.2149237999549,133.0935693007249
2021-12-30 11:00:00+02:00,525.7191322403725,525.9880639278527,141.56279885648476
2021-12-30 12:00:00+02:00,526.1894042312458,333.67571644116475,182.4843507992324
2021-12-30 13:00:00+02:00,523.7598383976863,559.614043719952,138.06327256422776
2021-12-30 14:00:00+02:00,567.2612412182253,446.04653602713967,137.549584778743
2021-12-30 15:00:00+02:00,571.1053429805871,345.8755488540187,139.1740757335316
2021-12-30 16:00:00+02:00,558.9552616167672,394.6359014068475,136.72823781202615
2021-12-30 17:00:00+02:00,558.813439639998,503.13947000385804,137.59443050431616
2021-12-30 18:00:00+02:00,569.8031354631696,442.3096465312789,137.16015328092527
2021-12-30 19:00:00+02:00,566.6734297404918,357.16548310509023,137.1716275473898
2021-12-30 20:00:00+02:00,582.5762766570293,446.0126514904605,132.83099560667142
2021-12-30 21:00:00+02:00,584.4777008731477,466.76677979415405,134.78637916508706
2021-12-30 22:00:00+02:00,589.6039002384972,330.2092127200946,133.523605193325
2021-12-30 23:00:00+02:00,595.3579880604193,475.0357426782349,135.4751312409214
2021-12-31 00:00:00+02:00,600.5582537295213,422.31511449102146,137.48320212293027
2021-12-31 01:00:00+02:00,577.6661376953125,522.9743631216196,136.28444037804238
2021-12-31 02:00:00+02:00,580.3310698280038,317.9921304865401,135.1227079879406
2021-12-31 03:00:00+02:00,574.1681607564291,408.3900226411365,133.97301996321906
2021-12-31 04:00:00+02:00,589.6827547443447,409.4858018106489,135.9218410093393
2021-12-31 05:00:00+02:00,581.1268800677675,336.59363856460106,134.28253011992484
2021-12-31 06:00:00+02:00,582.1635536920456,409.60493260338194,135.83167262304397
2021-12-31 07:00:00+02:00,583.3764299016902,415.5423295825831,135.80334064242564
2021-12-31 08:00:00+02:00,577.810225423177,320.4287882486979,134.76827799479167
2021-12-31 09:00:00+02:00,577.3002756602729,438.9038735005393,133.0205110009037
2021-12-31 10:00:00+02:00,577.1588166889392,410.8337347274436,135.53649449169188
2021-12-31 11:00:00+02:00,587.9710135053294,305.03245437976926,134.8594638321751
2021-12-31 12:00:00+02:00,569.9009224589746,460.97664991215845,135.5884220755879
2021-12-31 13:00:00+02:00,588.4494885150893,425.6060619756642,136.07499749549834
2021-12-31 14:00:00+02:00,582.8055539538512,445.76640312156485,134.78472685694095
2021-12-31 15:00:00+02:00,590.3948008978545,326.10837475221547,136.1217626315444
2021-12-31 16:00:00+02:00,579.4064193843872,527.8971370726592,133.43209247441254
2021-12-31 17:00:00+02:00,598.640890197754,475.3034368896484,136.19052810668944
2021-12-31 18:00:00+02:00,599.8314046223958,326.3180796305339,135.0874247233073
2021-12-31 19:00:00+02:00,584.9498358832466,468.3290406814729,133.74918773920848
2021-12-31 20:00:00+02:00,579.7310806351092,460.6991120151539,138.94848855176764
2021-12-31 21:00:00+02:00,579.2378738758176,329.72113841448646,134.76952131404434
2021-12-31 22:00:00+02:00,593.2628327182789,492.5786240160765,133.39135450813637
2021-12-31 23:00:00+02:00,582.5987099095395,437.36970256145736,133.32418863396896
2022-01-01 00:00:00+02:00,619.1490017532799,400.2109825681533,136.7571936176799
2022-01-01 01:00:00+02:00,588.6232436126863,352.1909086740562,133.47836086834747
2022-01-01 02:00:00+02:00,595.3486728952892,467.89781507805213,135.1188101697324
2022-01-01 03:00:00+02:00,588.132018426452,546.7693350435508,138.11358673403961
2022-01-01 04:00:00+02:00,601.2012593072175,325.37450917561847,138.44417533391638
2022-01-01 05:00:00+02:00,581.7583655900853,373.51539455947056,138.9190467916509
2022-01-01 06:00:00+02:00,637.4625037794011,328.1211300235626,134.4894193601778
2022-01-01 07:00:00+02:00,596.8939052847928,559.2824681008509,151.14516159175903
2022-01-01 08:00:00+02:00,576.6076196478318,543.7371487876242,137.02684375851652
2022-01-01 09:00:00+02:00,634.3023199462891,319.64003860473633,141.5864005279541
2022-01-01 10:00:00+02:00,587.3268854931148,465.80668470594617,132.43905866988982
2022-01-01 11:00:00+02:00,635.9882668807368,361.42220326924,136.85659360671792
2022-01-01 12:00:00+02:00,584.6215087277207,315.9377584026087,136.51749385661216
2022-01-01 13:00:00+02:00,588.7640305016873,404.6287637292986,133.29288961196087
2022-01-01 14:00:00+02:00,585.7739716350729,477.91080409016104,135.18251370657518
2022-01-01 15:00:00+02:00,575.2398440338844,322.2621769868126,135.4513975631359
2022-01-01 16:00:00+02:00,584.4799772563733,428.6311201511469,135.19410728511954
2022-01-01 17:00:00+02:00,585.1688301258517,431.17251437768005,132.90999069787506
2022-01-01 18:00:00+02:00,599.5073580228366,307.26392540564905,133.94434826190655
2022-01-01 19:00:00+02:00,596.8342655726841,457.4660884312221,135.93839513039103
2022-01-01 20:00:00+02:00,603.680749646852,386.5798525651883,135.8671798143
2022-01-01 21:00:00+02:00,578.6112389197716,527.3933295616737,135.96045520489034
2022-01-01 22:00:00+02:00,595.1625838094683,328.22120935240787,136.95066382564715
2022-01-01 23:00:00+02:00,618.3513337998163,425.3973714737665,132.59134882972353
2022-01-02 00:00:00+02:00,574.2756237240892,453.3373963629181,133.77341165973914
2022-01-02 01:00:00+02:00,589.3632090250651,321.40824330647786,134.54188817342123
2022-01-02 02:00:00+02:00,574.9123273577009,496.96576301419003,133.13089495289083
2022-01-02 03:00:00+02:00,589.3267332617917,431.01734354958603,152.68676290939104
2022-01-02 04:00:00+02:00,582.4322746335998,334.95056436228197,136.45209367145864
2022-01-02 05:00:00+02:00,601.147598031851,532.90361328125,134.46207099327674
2022-01-02 06:00:00+02:00,593.2998870139899,546.6353989238887,137.60269058582395
2022-01-02 07:00:00+02:00,616.8957410863316,337.33545039598596,137.74471787812095
2022-01-02 08:00:00+02:00,585.2255859375,538.8802849821342,133.18054696016534
2022-01-02 09:00:00+02:00,586.7402876378892,432.47248263126903,135.71319574363224
2022-01-02 10:00:00+02:00,591.9423292371962,318.31869337293836,140.6311060587565
2022-01-02 11:00:00+02:00,597.8033972755472,421.4229809766147,135.95375052875377
2022-01-02 12:00:00+02:00,591.1842620384874,495.84342762903515,137.37914094101959
2022-01-02 13:00:00+02:00,576.8808692392677,348.82929406984886,135.32229583431976
2022-01-02 14:00:00+02:00,591.1906802924395,420.469391771138,134.2100390918149
2022-01-02 15:00:00+02:00,636.0524232006776,390.8636735545915,133.4897564037426
2022-01-02 16:00:00+02:00,578.6484603596091,462.7527205220769,132.5416820969028
2022-01-02 17:00:00+02:00,585.1530913853858,361.70851909512936,132.92706538803145
2022-01-02 18:00:00+02:00,582.9406458536783,419.2105203356062,133.07983950206213
2022-01-02 19:00:00+02:00,584.2929290862041,433.9856206061932,132.84393206406773
2022-01-02 20:00:00+02:00,587.2461296894828,500.00038139227075,135.2112429081486
2022-01-02 21:00:00+02:00,585.2132051908053,363.2788423978365,135.60309272179236
2022-01-02 22:00:00+02:00,572.2135934635085,449.25053483612686,133.59676567389042
2022-01-02 23:00:00+02:00,585.4733612423852,437.9138322557722,133.13654938198272
2022-01-03 00:00:00+02:00,586.0699212784158,445.42723462097626,132.82931415299723
2022-01-03 01:00:00+02:00,584.5574760578822,317.296956228944,135.16635466508262
2022-01-03 02:00:00+02:00,573.3576948291759,511.50783852514274,135.1691058008804
2022-01-03 03:00:00+02:00,598.973093278252,401.7192319435137,147.43617103869437
2022-01-03 04:00:00+02:00,584.6927339577977,325.06356116186214,134.96195172659958
2022-01-03 05:00:00+02:00,588.3574706417832,491.27673861249605,134.68328734738145
2022-01-03 06:00:00+02:00,583.0368094396109,484.2761691315006,133.9711957989317
2022-01-03 07:00:00+02:00,591.8687446710422,310.27446162035017,133.8666906211582
2022-01-03 08:00:00+02:00,597.0312127210423,404.12679377572977,133.77166368861398
2022-01-03 09:00:00+02:00,580.8705129079275,426.71603366061373,133.67524760478253
2022-01-03 10:00:00+02:00,590.8801779300533,313.72725640343367,134.34365473257915
2022-01-03 11:00:00+02:00,576.1794840494791,556.5045083215995,135.76546318586483
2022-01-03 12:00:00+02:00,594.5780250207702,423.03771892946156,134.25101533576623
2022-01-03 13:00:00+02:00,622.3528047093091,393.5890254169776,132.22089545010928
2022-01-03 14:00:00+02:00,571.2910739066906,370.5450134277344,131.77697449877746
2022-01-03 15:00:00+02:00,591.1011417156996,373.0222702826094,132.75237947539964
2022-01-03 16:00:00+02:00,560.5621692921856,372.87183451888586,134.9860531079887
2022-01-03 17:00:00+02:00,567.3774088541667,321.5190765380859,133.55221633911134
2022-01-03 18:00:00+02:00,554.2851895419034,445.9093930022885,132.46121173434787
2022-01-03 19:00:00+02:00,556.0738921663655,426.10553285968837,132.0443081072907
2022-01-03 20:00:00+02:00,596.8165118915999,375.75186082550596,132.8258172886212
2022-01-03 21:00:00+02:00,557.0090625378513,301.58431604666305,136.24588450350504
2022-01-03 22:00:00+02:00,550.934727191925,525.2686834335327,134.9093292951584
2022-01-03 23:00:00+02:00,562.5521841503326,428.7262701307024,135.66070048014322
2022-01-04 00:00:00+02:00,558.8353114341622,414.2564697265625,133.8949926290939
2022-01-04 01:00:00+02:00,567.2206592345506,314.9356959196512,132.94761640570138
2022-01-04 02:00:00+02:00,573.2421345710754,559.267397403717,140.57682621479034
2022-01-04 03:00:00+02:00,565.7873445233367,381.36547637995653,142.14236281589908
2022-01-04 04:00:00+02:00,558.5250489478018,377.8529088138755,136.47115308474872
2022-01-04 05:00:00+02:00,574.4709181282388,330.7320510634226,135.89202903862574
2022-01-04 06:00:00+02:00,548.5523279470991,516.5121724919755,134.97061050769895
2022-01-04 07:00:00+02:00,567.2360421353754,380.1602334131168,134.362542486392
2022-01-04 08:00:00+02:00,560.85901352047,322.10423196008963,136.3639796057413
2022-01-04 09:00:00+02:00,567.793168856697,347.5929865875991,203.83016285732947
2022-01-04 10:00:00+02:00,594.3099620057543,353.97475884714885,224.64781956772643
2022-01-04 11:00:00+02:00,564.1020914333969,332.70139392454234,238.78178821392913
2022-01-04 12:00:00+02:00,562.4127940223331,497.4432041531517,203.6864475068592
2022-01-04 13:00:00+02:00,557.7566384304776,435.7980324963059,133.78121159585675
2022-01-04 14:00:00+02:00,561.4255076652795,460.23599749234455,137.0223220748518
2022-01-04 15:00:00+02:00,553.9790587425232,314.3826229572296,135.07882857322693
2022-01-04 16:00:00+02:00,555.2065091611728,403.48273079457334,134.55584444521085
2022-01-04 17:00:00+02:00,543.4656006479021,465.6307575981024,133.51618825844702
2022-01-04 18:00:00+02:00,547.5535044043955,459.83344738892833,136.91279286085958
2022-01-04 19:00:00+02:00,550.3681309031017,341.26117931764514,135.4833505658961
2022-01-04 20:00:00+02:00,566.2123617553711,507.6944689941406,133.52265907287597
2022-01-04 21:00:00+02:00,543.0124937545421,594.2110051591267,135.2886980633403
2022-01-04 22:00:00+02:00,545.5925596595415,440.48218214935457,138.31740604923462
2022-01-04 23:00:00+02:00,558.2294039726257,345.6229419708252,135.32828497886658
2022-01-05 00:00:00+02:00,558.7458224826389,459.7319715095289,133.26991880782927
2022-01-05 01:00:00+02:00,559.4649287297176,539.6031698373648,134.6140866793119
2022-01-05 02:00:00+02:00,549.4558771027991,483.2087364005084,133.6760016973294
2022-01-05 03:00:00+02:00,545.9713541666666,347.3018485031559,136.9757435254458
2022-01-05 04:00:00+02:00,542.2014736599392,385.124342095915,142.03410480640554
2022-01-05 05:00:00+02:00,538.7063171386719,556.3894334059495,132.3697738647461
2022-01-05 06:00:00+02:00,561.1021487213844,537.1929590979288,133.59076974558275
2022-01-05 07:00:00+02:00,550.3611877441406,339.94159138997395,137.8890047709147
2022-01-05 08:00:00+02:00,564.159872850581,483.3703788105567,134.9096295534067
2022-01-05 09:00:00+02:00,546.3413333892822,545.5373227596283,137.0789041519165
2022-01-05 10:00:00+02:00,551.6300466074108,317.173494500629,138.09996799964688
2022-01-05 11:00:00+02:00,567.3721395540638,501.6987307252002,133.034441715529
2022-01-05 12:00:00+02:00,546.3124923706055,517.7106686909993,136.31960169474283
2022-01-05 13:00:00+02:00,565.2141751064344,384.524138461338,132.6684709184625
2022-01-05 14:00:00+02:00,556.4838133394048,339.57489939486044,138.25655433569062
2022-01-05 15:00:00+02:00,557.5162316007987,472.63303055576773,131.62389719020055
2022-01-05 16:00:00+02:00,560.9947165464744,419.2907369238699,134.69398283347104
2022-01-05 17:00:00+02:00,543.812010692949,541.6947521562336,133.86517398096933
2022-01-05 18:00:00+02:00,551.2286730780118,489.8356756680254,133.82320796579555
2022-01-05 19:00:00+02:00,556.6427307128906,318.85859832763674,134.19640630086263
2022-01-05 20:00:00+02:00,555.5484432931673,506.8477415957693,134.1058944443525
2022-01-05 21:00:00+02:00,547.7245086411299,395.3584990420584,136.8987011343746
2022-01-05 22:00:00+02:00,540.7585278116011,448.03439943960024,134.36952981988756
2022-01-05 23:00:00+02:00,565.0120992024739,326.8117385864258,135.07877833048502
2022-01-06 00:00:00+02:00,539.6643511238744,450.06629917985305,134.9418675050897
2022-01-06 01:00:00+02:00,545.4428883484144,434.2182885021097,134.68493394811446
2022-01-06 02:00:00+02:00,541.5147983688711,386.09685534175543,135.78032569318313
2022-01-06 03:00:00+02:00,541.9363033077022,334.1196392620648,136.4096645320858
2022-01-06 04:00:00+02:00,541.1184668380223,459.64868421233103,137.90016997262333
2022-01-06 05:00:00+02:00,544.059692153357,441.59820740205004,135.94608255257285
2022-01-06 06:00:00+02:00,550.1433416983494,381.8604218344306,135.06682883242826
2022-01-06 07:00:00+02:00,563.6647624969482,302.8574981689453,140.1836643218994
2022-01-06 08:00:00+02:00,553.6991174043114,448.44327556553174,134.13662332563257
2022-01-06 09:00:00+02:00,554.1941953716856,469.1596618035827,134.91544157085997
2022-01-06 10:00:00+02:00,558.004055924152,459.5647882049407,134.60246652574395
2022-01-06 11:00:00+02:00,552.6984328632207,315.4302486449249,135.41556649614674
2022-01-06 12:00:00+02:00,562.0247176969895,479.35127643623736,134.62363980996489
2022-01-06 13:00:00+02:00,547.2093278099509,373.8925807896782,132.75774593914255
2022-01-06 14:00:00+02:00,543.3221903379798,467.7330563927665,134.46738205343334
2022-01-06 15:00:00+02:00,542.9005279541016,360.1052663167318,136.30741907755535
2022-01-06 16:00:00+02:00,550.5391924046759,407.6940733952309,134.76433611058476
2022-01-06 17:00:00+02:00,546.6673480694111,538.5064098651593,136.4810809795673
2022-01-06 18:00:00+02:00,559.0647287852729,438.1475139560984,136.34329565247492
2022-01-06 19:00:00+02:00,560.5420388292911,424.67320583969797,132.24616542075998
2022-01-06 20:00:00+02:00,560.7728924137531,346.409195475059,135.83384870774674
2022-01-06 21:00:00+02:00,534.961757183075,541.104583978653,140.85318112373352
2022-01-06 22:00:00+02:00,553.7182944253527,392.5881193136867,134.7050334431451
2022-01-06 23:00:00+02:00,552.9267437769894,383.7018614177462,135.02871842525175
2022-01-07 00:00:00+02:00,551.7268057262406,429.3571418447887,134.98859171206584
2022-01-07 01:00:00+02:00,552.135308057742,337.0299184125169,134.10932021750543
2022-01-07 02:00:00+02:00,557.6797670123003,423.6647419894008,133.99688410226523
2022-01-07 03:00:00+02:00,548.8543560882113,443.0251830143715,134.60707329138
2022-01-07 04:00:00+02:00,556.8409795178865,429.10063348067433,134.76758297568873
2022-01-07 05:00:00+02:00,549.1032022504664,438.82291890614067,135.34090622859216
2022-01-07 06:00:00+02:00,566.4848454402044,321.1455693171574,135.5922087449294
2022-01-07 07:00:00+02:00,561.7477389932266,381.61454716574383,135.09629280578915
2022-01-07 08:00:00+02:00,560.8660928516784,401.07966736020956,134.5557145930893
2022-01-07 09:00:00+02:00,549.6568601238193,498.34664632313286,133.4124352754052
2022-01-07 10:00:00+02:00,550.8125141086291,433.68478723267214,133.92237161990985
2022-01-07 11:00:00+02:00,553.5114035669775,417.7451295838574,137.01254903548224
2022-01-07 12:00:00+02:00,546.2374808946464,444.47516611460094,144.76222480192817
2022-01-07 13:00:00+02:00,555.239677889701,419.0210828921145,137.05040092530493
2022-01-07 14:00:00+02:00,545.8217539161143,473.52667929909444,140.64618451667553
2022-01-07 15:00:00+02:00,555.9310077219864,398.3524771037348,142.84710141118208
2022-01-07 16:00:00+02:00,551.2229797726586,506.12304387773787,149.3203419730777
2022-01-07 17:00:00+02:00,547.285329749936,387.9188286953285,139.85007591872917
2022-01-07 18:00:00+02:00,540.9767203330994,598.7847383022308,140.9917275905609
2022-01-07 19:00:00+02:00,550.8840308999115,480.291539030255,138.15381043632075
2022-01-07 20:00:00+02:00,563.4860408794278,429.40476985218265,145.97767874607348
2022-01-07 21:00:00+02:00,548.3455760443388,508.2052895844872,141.4892060578759
2022-01-07 22:00:00+02:00,544.9681836505268,547.8558295198189,137.67691111010174
2022-01-07 23:00:00+02:00,546.0222574869791,348.5157047242157,137.1390882388566
2022-01-08 00:00:00+02:00,551.9273027692523,399.12472912443786,137.66460399467405
2022-01-08 01:00:00+02:00,556.0412400370897,469.85950909238875,138.31891855567392
2022-01-08 02:00:00+02:00,564.2105749194063,454.7806896791139,140.22699967281525
2022-01-08 03:00:00+02:00,550.6341447711288,418.71284686538047,143.13731034200387
2022-01-08 04:00:00+02:00,562.9480032872672,474.8360930163451,142.4844153818458
2022-01-08 05:00:00+02:00,542.3526275634765,314.730512491862,139.30787658691406
2022-01-08 06:00:00+02:00,548.2775311279297,465.23590484619143,138.36882751464844
2022-01-08 07:00:00+02:00,548.5738877516526,553.6165128267728,141.82229590782754
2022-01-08 08:00:00+02:00,555.3195686340332,544.3338892459869,137.30404102802277
2022-01-08 09:00:00+02:00,565.9835286043128,461.3672768729074,144.45257716276208
2022-01-08 10:00:00+02:00,562.1914614282473,476.6412145441229,141.65021915628452
2022-01-08 11:00:00+02:00,552.3931955973308,323.2146464029948,158.08412373860676
2022-01-08 12:00:00+02:00,549.3631009329395,464.4236296832864,139.34784671376804
2022-01-08 13:00:00+02:00,539.6787979953973,542.0692001461059,137.310927989871
2022-01-08 14:00:00+02:00,551.2596164885022,425.1069451286679,142.25392627716064
2022-01-08 15:00:00+02:00,546.8738663083031,462.19941675095333,140.2911187126523
2022-01-08 16:00:00+02:00,553.0070133652798,341.11414307586904,143.8861926174903
2022-01-08 17:00:00+02:00,556.43942101322,472.3763450508687,140.6705119574248
2022-01-08 18:00:00+02:00,561.795709659619,430.6986643284227,139.41117325679963
2022-01-08 19:00:00+02:00,549.7716068174781,486.89321806372664,148.7814718106898
2022-01-08 20:00:00+02:00,543.3327745541121,553.7430015386537,141.90271753118944
2022-01-08 21:00:00+02:00,553.8595432339586,485.12388432691546,140.16424986553676
2022-01-08 22:00:00+02:00,560.0323580228365,343.55313368577225,139.99412114070012
2022-01-08 23:00:00+02:00,561.9320971094919,491.87027598855025,141.1849871424144
2022-01-09 00:00:00+02:00,548.1026178404343,503.42727430476697,148.39891717600267
2022-01-09 01:00:00+02:00,554.4105353427293,468.08097248940015,143.8853719126639
2022-01-09 02:00:00+02:00,564.5802673812984,327.8729432571766,138.3708530396454
2022-01-09 03:00:00+02:00,559.5689956257535,414.8036020884528,153.54823516030694
2022-01-09 04:00:00+02:00,555.2940997360345,462.43079967068553,145.6607590868957
2022-01-09 05:00:00+02:00,548.522698879242,547.6704173088074,140.18955981731415
2022-01-09 06:00:00+02:00,552.5886192885525,392.6488679406678,142.2441773062269
2022-01-09 07:00:00+02:00,562.5651366273115,332.8720428809691,140.69710463620305
2022-01-09 08:00:00+02:00,554.8227246554393,427.57925530199736,140.48356605385834
2022-01-09 09:00:00+02:00,555.9302905364876,468.93906233998274,145.9599380207419
2022-01-09 10:00:00+02:00,543.3879323858964,470.29091572008633,144.13542625025698
2022-01-09 11:00:00+02:00,552.6341734442092,330.68722021670743,143.25183111292716
2022-01-09 12:00:00+02:00,560.1679980847263,541.4973743054294,140.69837372062742
2022-01-09 13:00:00+02:00,546.245283647017,502.6086897416548,140.6690524322818
2022-01-09 14:00:00+02:00,547.8866233366082,428.23203029402765,139.2686951418957
2022-01-09 15:00:00+02:00,544.5758449009487,347.6096934841988,154.73357225002204
2022-01-09 16:00:00+02:00,557.76276230671,409.52537518563355,144.3898390820746
2022-01-09 17:00:00+02:00,548.0293188724421,472.03557451122305,140.1446178455643
2022-01-09 18:00:00+02:00,547.1736743983938,442.8808378532751,141.6475945088401
2022-01-09 19:00:00+02:00,542.3123377127241,342.8007379576217,138.80264767195828
2022-01-09 20:00:00+02:00,551.8837414550782,463.74266937255857,134.96259620666504
2022-01-09 21:00:00+02:00,550.1654296258483,473.0998142126835,141.14784518155184
2022-01-09 22:00:00+02:00,555.254716873169,556.7879328727722,136.43296909332275
2022-01-09 23:00:00+02:00,545.8993521163712,372.1320994362902,137.07895848288464
2022-01-10 00:00:00+02:00,543.7434918678413,422.75396819033864,145.19928039938716
2022-01-10 01:00:00+02:00,542.7172487654776,471.7869504532724,157.45856904803583
2022-01-10 02:00:00+02:00,545.0550776890346,347.19655300322034,139.3092232204619
2022-01-10 03:00:00+02:00,564.4689297316661,468.3030487520611,139.8934402849207
2022-01-10 04:00:00+02:00,543.0336943233715,432.9477549160228,142.1266055387609
2022-01-10 05:00:00+02:00,541.9722862830529,335.06639791635365,140.88734776423527
2022-01-10 06:00:00+02:00,547.7264246940613,547.6556785106659,139.69101452827454
2022-01-10 07:00:00+02:00,540.4402236938477,564.5011987686157,138.52332139015198
2022-01-10 08:00:00+02:00,542.9448426345299,330.99339899523505,136.2932409089187
2022-01-10 09:00:00+02:00,550.132988148685,414.2027522298545,141.83157949318175
2022-01-10 10:00:00+02:00,560.1373117705922,444.1442923840181,141.38507117754148
2022-01-10 11:00:00+02:00,541.3233892086663,401.33977516000357,145.91560532759377
2022-01-10 12:00:00+02:00,545.1476630210195,395.86074988342676,190.777749307672
2022-01-10 13:00:00+02:00,545.6968896777511,452.2373404919999,229.9009839380176
2022-01-10 14:00:00+02:00,553.5260387749842,444.5139212051624,220.24935053326757
2022-01-10 15:00:00+02:00,610.1112756063771,384.52762789252444,238.6866455078125
2022-01-10 16:00:00+02:00,559.4269088551968,589.1243217242921,312.8442347723724
2022-01-10 17:00:00+02:00,568.2601035032206,424.8306514044006,294.2739912213685
2022-01-10 18:00:00+02:00,559.9679704791143,490.16219163697065,161.87596769111101
2022-01-10 19:00:00+02:00,573.8743336995443,439.2860692342122,139.28822352091473
2022-01-10 20:00:00+02:00,557.3518245803507,466.12159997097575,140.70695029573488
2022-01-10 21:00:00+02:00,557.0043836281005,427.66978603524615,139.05581420561228
2022-01-10 22:00:00+02:00,560.1583494127757,440.348048376304,144.45890830446302
2022-01-10 23:00:00+02:00,557.9323058164209,400.6018417473126,141.99645606019442
2022-01-11 00:00:00+02:00,554.0987458931384,545.1619579699612,138.8454247999561
2022-01-11 01:00:00+02:00,551.4991544926833,481.1730658051931,139.4321197664677
2022-01-11 02:00:00+02:00,575.1825167338053,347.86977275212604,144.03863803545633
2022-01-11 03:00:00+02:00,557.0822534853695,439.28795581653804,142.5940799362089
2022-01-11 04:00:00+02:00,568.9367210311119,509.77271355523004,140.89796740599354
2022-01-11 05:00:00+02:00,566.9363076853198,544.228173780811,141.436920402586
2022-01-11 06:00:00+02:00,574.5989171700884,351.9364214756692,145.85504221361737
2022-01-11 07:00:00+02:00,561.845137381848,425.70605747552565,142.36062301824123
2022-01-11 08:00:00+02:00,555.5133130419385,346.54435763516267,157.27882712227958
2022-01-11 09:00:00+02:00,569.0397192599505,455.9944204296586,142.19598533133782
2022-01-11 10:00:00+02:00,559.7042297923236,433.4929172340883,143.47435392327264
2022-01-11 11:00:00+02:00,552.0292534082758,362.8240949379895,163.69423071622256
2022-01-11 12:00:00+02:00,562.6330787941262,445.7235504527151,145.46987967785495
2022-01-11 13:00:00+02:00,559.5714144699865,443.6582058913416,148.09619456778327
2022-01-11 14:00:00+02:00,563.7160337043531,350.8651744958126,149.47961194587475
2022-01-11 15:00:00+02:00,551.6624143230381,447.2914399104332,141.67293690923435
2022-01-11 16:00:00+02:00,549.7292276410914,463.419179159136,140.44943624467993
2022-01-11 17:00:00+02:00,548.9896474510732,346.0501524029356,145.52653457179213
2022-01-11 18:00:00+02:00,578.0822197636471,405.55909574484525,143.91099670667688
2022-01-11 19:00:00+02:00,581.6378626330145,439.77623128656097,142.2708964606224
2022-01-11 20:00:00+02:00,553.5382557950279,340.6300671008206,141.43399651106014
2022-01-11 21:00:00+02:00,554.5656392888505,560.8926488595415,145.29491702530734
2022-01-11 22:00:00+02:00,562.0253224892191,395.57857921335955,146.52948481493658
2022-01-11 23:00:00+02:00,551.908545804311,428.7002685730716,179.93002374488188
2022-01-12 00:00:00+02:00,559.8727249948602,509.6031466835424,141.48849623830694
2022-01-12 01:00:00+02:00,550.9413096110026,323.60218302408856,139.05318705240884
2022-01-12 02:00:00+02:00,564.1663425347022,397.2122625653594,130.6265951346647
2022-01-12 03:00:00+02:00,554.6778610926594,495.81014937192657,131.56520037965726
2022-01-12 04:00:00+02:00,551.0576527913412,320.12064666748046,132.9736646016439
2022-01-12 05:00:00+02:00,566.8699683101834,383.9753939720892,131.22844826672272
2022-01-12 06:00:00+02:00,554.710551961263,292.77379608154297,129.38679122924805
2022-01-12 07:00:00+02:00,556.1667796488341,443.9304687190177,130.7107304606946
2022-01-12 08:00:00+02:00,570.2704719520818,289.6339327758427,131.13270958241085
2022-01-12 09:00:00+02:00,558.5966022548391,454.7332812864389,136.85492663027634
2022-01-12 10:00:00+02:00,558.5764235693534,651.0341905834152,134.6185176291529
2022-01-12 11:00:00+02:00,559.520361340834,592.4828803694415,149.51327420919282
2022-01-12 12:00:00+02:00,567.3612903659626,383.3703831818144,135.83180084875073
2022-01-12 13:00:00+02:00,564.0225136005773,443.5064445090505,143.51061193077965
2022-01-12 14:00:00+02:00,561.1228661630668,352.8727986653646,137.44353051279106
2022-01-12 15:00:00+02:00,560.061523208904,455.43884140186094,147.1095539335901
2022-01-12 16:00:00+02:00,561.7339766268245,360.5870421632321,150.55874962721043
2022-01-12 17:00:00+02:00,559.5797002118333,483.60755289407604,139.9754682268415
2022-01-12 18:00:00+02:00,558.1043608224936,390.4239658413805,137.09758956057166
2022-01-12 19:00:00+02:00,552.4819518131997,493.67199406410333,137.41527099609374
2022-01-12 20:00:00+02:00,572.0708429171955,375.45050575527443,137.34227113675345
2022-01-12 21:00:00+02:00,561.8833625073703,450.8882031710643,136.50642907484522
2022-01-12 22:00:00+02:00,558.7952584219979,367.1378998656373,137.911587855199
2022-01-12 23:00:00+02:00,558.6105190649964,452.3061805667734,137.7108562153981
2022-01-13 00:00:00+02:00,566.3887033315805,332.89174499511716,136.98429166353665
2022-01-13 01:00:00+02:00,566.757432994276,414.74926108180887,136.7519251757329
2022-01-13 02:00:00+02:00,572.5840960171954,289.7369639334367,135.58462907800723
2022-01-13 03:00:00+02:00,553.1389118063039,310.54589528050917,138.19243279818832
2022-01-13 04:00:00+02:00,575.4293418190696,569.5882146661932,138.0016296386719
2022-01-13 05:00:00+02:00,599.4222935267857,299.83243233816967,141.0155748639788
2022-01-13 06:00:00+02:00,577.2039699554443,512.9535474777222,134.32013934850693
2022-01-13 07:00:00+02:00,564.9140757479408,349.66228112509083,134.24156910504482
2022-01-13 08:00:00+02:00,565.2779348925286,312.99899896147286,136.19188469436568
2022-01-13 09:00:00+02:00,558.6188418529073,422.1713459452645,135.94136387559234
2022-01-13 10:00:00+02:00,561.3279668634588,428.47633824203956,136.79035572090535
2022-01-13 11:00:00+02:00,564.8961802567586,369.8452409045531,156.40382441907826
2022-01-13 12:00:00+02:00,565.2209977196336,448.95294886260405,143.6483753357579
2022-01-13 13:00:00+02:00,561.5075281430597,363.0790511875936,137.49601020290427
2022-01-13 14:00:00+02:00,564.5326277486394,356.85111730911314,140.9484729552537
2022-01-13 15:00:00+02:00,558.865716619806,424.1884614713899,138.70611773480425
2022-01-13 16:00:00+02:00,565.2345334447996,359.55591637197165,140.61021600588404
2022-01-13 17:00:00+02:00,561.3323624960741,359.0708990815896,147.43717757181906
2022-01-13 18:00:00+02:00,554.4920794169108,446.60083162216915,143.5614819299607
2022-01-13 19:00:00+02:00,559.7100067138672,328.31864878336586,139.82590154012044
2022-01-13 20:00:00+02:00,552.0867531946463,355.0105340055717,136.8539063209711
2022-01-13 21:00:00+02:00,561.2031924358467,481.20646376020454,141.41005072432958
2022-01-13 22:00:00+02:00,553.1203551772953,326.8974757231483,133.78308483981345
2022-01-13 23:00:00+02:00,571.6167231633113,321.480801156851,135.18260016808142
2022-01-14 00:00:00+02:00,552.5231655710112,544.8299600244537,135.64400662057767
2022-01-14 01:00:00+02:00,551.2760549692007,325.9759561391977,140.452344923753
2022-01-14 02:00:00+02:00,569.151585305384,325.9168892793877,138.04289423033248
2022-01-14 03:00:00+02:00,552.785167875744,489.82035700480145,146.1715397153582
2022-01-14 04:00:00+02:00,567.914296468099,334.57032267252606,137.4527333577474
2022-01-14 05:00:00+02:00,567.7162027994792,320.7400746663412,137.38434422810872
2022-01-14 06:00:00+02:00,567.5762858072917,324.3159423828125,137.62566986083985
2022-01-14 07:00:00+02:00,558.8132008308143,475.549579026112,138.01562392651735
2022-01-14 08:00:00+02:00,554.2176839192708,330.76098988850913,138.63499348958334
2022-01-14 09:00:00+02:00,559.2024480234278,381.01917750292483,178.03091880118492
2022-01-14 10:00:00+02:00,558.6613508813175,383.269864682798,240.3970691445433
2022-01-14 11:00:00+02:00,559.5256767327368,440.1333383731597,310.07741399702434
2022-01-14 12:00:00+02:00,561.2297216083188,404.4401984638767,290.48686501692333
2022-01-14 13:00:00+02:00,564.3503035140911,444.2368984362218,173.3959802597605
2022-01-14 14:00:00+02:00,556.6036642124591,464.8263749826267,144.56902190362024
2022-01-14 15:00:00+02:00,559.3619588515338,375.6090279971852,138.36090657851275
2022-01-14 16:00:00+02:00,556.4075335648809,408.7205816784044,139.4623659119989
2022-01-14 17:00:00+02:00,554.0520460676439,458.88159836872967,138.5953162542664
2022-01-14 18:00:00+02:00,551.0945994059244,333.6325327555339,138.82443923950194
2022-01-14 19:00:00+02:00,551.3437856038412,350.82955067952474,135.7917500813802
2022-01-14 20:00:00+02:00,556.1355704875907,485.6732444377861,134.34493949196556
2022-01-14 21:00:00+02:00,554.6280161539713,318.9651128133138,135.16681849161785
2022-01-14 22:00:00+02:00,555.8247447013855,367.9299807548523,135.07366967201233
2022-01-14 23:00:00+02:00,565.210951063368,465.5184571237275,132.8964132443823
2022-01-15 00:00:00+02:00,590.0235168457032,326.28978322347007,135.52291310628254
2022-01-15 01:00:00+02:00,582.8161725184714,573.6475832443829,134.65398566667423
2022-01-15 02:00:00+02:00,562.713560116217,331.8758347315818,136.13520286986545
2022-01-15 03:00:00+02:00,555.1861297607422,343.8586151123047,136.6737299601237
2022-01-15 04:00:00+02:00,563.4430182158058,499.3400942674324,135.99452420135043
2022-01-15 05:00:00+02:00,564.4838562011719,325.6216166178385,135.8169044494629
2022-01-15 06:00:00+02:00,569.4079467160019,346.7348536199062,136.81991684496703
2022-01-15 07:00:00+02:00,556.4061232346755,558.296335543119,135.50985130896936
2022-01-15 08:00:00+02:00,558.6813607742537,320.34724786103664,136.3828580941727
2022-01-15 09:00:00+02:00,556.1325703938802,330.0228668212891,136.15098775227864
2022-01-15 10:00:00+02:00,574.6579181920343,348.04811594594065,136.4136852475267
2022-01-15 11:00:00+02:00,559.3561959266663,554.2292506694794,136.09360444545746
2022-01-15 12:00:00+02:00,576.1071340493139,338.0750329651808,136.69776699627715
2022-01-15 13:00:00+02:00,559.4376287460327,566.6291320323944,136.6028356552124
2022-01-15 14:00:00+02:00,557.4135607910156,337.26971313476565,135.9634309387207
2022-01-15 15:00:00+02:00,563.9000011715726,346.96450295463063,136.1601168983861
2022-01-15 16:00:00+02:00,560.7968579669331,564.3711372789486,136.62064225544302
2022-01-15 17:00:00+02:00,547.2971782977764,348.9759796142578,137.59852001483623
2022-01-15 18:00:00+02:00,558.2295170998086,497.2263725436464,136.61843179196728
2022-01-15 19:00:00+02:00,558.6244354248047,348.35655008951824,137.2499247233073
2022-01-15 20:00:00+02:00,556.239902380741,518.275691331035,136.2615388812441
2022-01-15 21:00:00+02:00,572.6753887469952,352.6758645864633,136.74991877629208
2022-01-15 22:00:00+02:00,555.4722590519832,578.7208089975211,136.97812382624699
2022-01-15 23:00:00+02:00,556.6529500325521,343.0387359619141,137.4857485453288
2022-01-16 00:00:00+02:00,560.0571412365846,477.06093281447284,134.15937809029012
2022-01-16 01:00:00+02:00,559.6550565940051,368.3075866699219,136.01290264800565
2022-01-16 02:00:00+02:00,551.347715250651,337.8970026652018,134.95457865397137
2022-01-16 03:00:00+02:00,555.7509266246449,489.8435040098248,135.07956475922555
2022-01-16 04:00:00+02:00,570.721405506134,357.7387306690216,135.74134361743927
2022-01-16 05:00:00+02:00,560.4792596435547,472.6971171569824,135.85778190612794
2022-01-16 06:00:00+02:00,552.9631423358769,338.45830045005147,137.35626480930534
2022-01-16 07:00:00+02:00,564.3903617289529,465.59801027668055,135.04172715144372
2022-01-16 08:00:00+02:00,553.707940204327,356.67905766413764,134.84736961951623
2022-01-16 09:00:00+02:00,556.856386342443,459.99401843995975,135.2627268052639
2022-01-16 10:00:00+02:00,565.4300940214698,368.92314375692337,135.49278310519546
2022-01-16 11:00:00+02:00,561.9196706136067,359.5550130208333,140.07036997477215
2022-01-16 12:00:00+02:00,551.3336951481039,474.6826010852603,134.7458565870122
2022-01-16 13:00:00+02:00,552.387307238223,397.9802654892651,134.48331889821523
2022-01-16 14:00:00+02:00,558.8883706625406,458.7001341782607,134.76452095064766
